Model,Macro_AUPRC,Macro_F1,Macro_AUROC,Exact_Match_Acc,Loss,PhysioNet_Score
mamba,0.6389695544581007,0.4088405106202659,0.8416940908195659,0.55,0.3175857849419117,0.6519999999999999
