Model,Macro_AUPRC,Macro_F1,Macro_AUROC,Exact_Match_Acc,Loss,PhysioNet_Score
vit,0.5754409060687841,0.24820800114917763,0.8321236788834548,0.31,0.3921479806303978,0.478
vit,0.5844637914154353,0.27554137223615227,0.828452004781618,0.48,0.3338439092040062,0.599
