Model,Macro_AUPRC,Macro_F1,Macro_AUROC,Exact_Match_Acc,Loss,PhysioNet_Score
gnn,0.7973742911545877,0.6987034405659692,0.9202568480611404,0.6302752293577981,0.286142743911062,0.7165596330275222
gnn,0.8090423150460723,0.7135308778251519,0.9229483056424848,0.6,0.2922025914703097,0.7033486238532107
gnn,0.8066192666565402,0.7225864895774455,0.923605216493935,0.6376146788990825,0.2737426208598273,0.7016055045871554
gnn,0.8042485793130861,0.7102079774726892,0.9230204124747177,0.6344036697247707,0.2809381765978677,0.716055045871559
gnn,0.8025429622548217,0.7257967734396995,0.9193631720190597,0.6298165137614679,0.3038171989577157,0.7019724770642197
