Model,Macro_AUPRC,Macro_F1,Macro_AUROC,Exact_Match_Acc,Loss,PhysioNet_Score
cnn,0.7005478985345421,0.5722331255082678,0.8731442890715334,0.52,0.3255799785256386,0.584
