Model,Macro_AUPRC,Macro_F1,Macro_AUROC,Exact_Match_Acc,Loss,PhysioNet_Score
cnn,0.8124991772507121,0.7282465620982231,0.9265629583628051,0.635343618513324,0.2632062343963936,0.7337073398784476
