Model,Macro_AUPRC,Macro_F1,Macro_AUROC,Exact_Match_Acc,Loss,PhysioNet_Score
vit,0.721616744319599,0.6502562489305704,0.882964172089628,0.5876146788990826,0.3283157961709159,0.681009174311926
vit,0.707509067816977,0.6453831897986435,0.8757608406422375,0.5252293577981652,0.35496426011834825,0.6462385321100913
vit,0.7369969399444777,0.6769490204602284,0.8915652345075553,0.5830275229357799,0.33737287095614843,0.6784403669724766
